input1,input2
0.0,0.0
0.0,0.0
0.004162,0.006701
0.054748,0.051467
0.002662,0.00146
-0.001435,-0.002084
0.001373,0.003134
0.043089,0.020183
0.054704,0.058733
0.005751,0.002329
0.000653,6.6e-05
0.002136,-0.000155
0.003724,0.000913
0.021147,0.020995
0.008403,0.00548
0.031413,0.026778
-0.006058,-0.005061
0.017947,0.01667
0.008631,0.011439
0.038588,0.066615
0.011279,0.0047
0.002255,0.002009
0.007089,0.006649
0.032286,0.026527
0.00213,0.000563
0.008684,0.006457
0.004726,0.002997
0.001858,0.00397
0.003264,0.001104
0.014837,0.017544
0.0038,0.002988
0.015046,0.012914
0.003215,0.003089
0.037949,0.028397
0.038188,0.035079
0.058197,0.05699
0.110193,0.111205
0.001618,-0.001274
0.019364,0.02189
0.003046,0.001693
0.005592,0.006841
0.006387,0.004569
0.023907,0.022622
0.005287,0.003237
0.012773,0.009369
0.007468,0.007142
0.004251,0.003484
0.002807,0.001843
0.008606,0.007572
0.010971,0.0058
0.00305,0.006766
0.015702,0.011187
0.021961,0.018062
-0.000586,-0.001002
-0.000389,0.00127
0.006983,0.005725
-0.001102,0.000373
0.385594,0.390345
-0.000927,-0.002544
0.000541,-0.000524
-0.000815,-0.000371
0.000416,-9.4e-05
0.01626,0.011044
-0.002725,-0.002778
-0.00217,-0.012668
-0.003397,-0.003029
0.004117,0.001028
0.025756,0.019922
0.003523,0.001174
-0.002325,-0.005056
0.004088,0.000775
-0.000319,0.000674
0.050617,0.044884
0.047146,0.049108
0.02522,0.024575
,
0.0,0.0
0.0,0.0
0.00896,0.00576
0.051365,0.043691
0.003827,0.001091
0.002148,0.000662
0.003117,0.001767
0.086586,0.068469
0.053391,0.054385
0.003206,0.001954
0.000758,0.000922
0.000125,0.00013
0.001865,0.002163
0.016638,0.017181
0.00778,0.006141
0.030468,0.032526
-0.004134,-0.003568
0.014626,0.011381
0.010665,0.0082
0.03894,0.053981
0.007783,0.004629
0.003495,0.002818
0.007369,0.00705
0.035467,0.028397
0.002096,0.001946
0.008824,0.003395
0.001309,0.002062
0.000976,-0.001318
0.000644,0.001161
0.019736,0.022353
0.001281,0.001633
0.001509,-0.002295
-0.002303,-0.001476
0.028024,0.019078
0.039098,0.039127
0.056234,0.052357
0.041596,0.040045
0.099004,0.090724
0.018732,0.017755
0.002984,0.00168
0.004465,0.004329
0.012444,0.00923
0.025476,0.023843
0.006911,0.004604
0.007957,0.005446
0.009509,-0.001891
0.001492,0.000815
0.00271,0.002553
7.4e-05,0.000713
0.005456,0.004707
0.003706,0.001157
0.014175,0.011128
0.021476,0.016719
-0.001355,-0.002982
-0.000805,-0.00055
0.003348,0.003118
-0.001965,-0.001358
0.355149,0.357891
-0.000983,-0.003412
0.00059,0.000168
-0.001739,-0.002161
-0.000396,-0.000911
0.012417,0.00329
0.001711,0.000305
0.002147,-0.000795
0.000841,0.001187
0.001117,0.001973
0.023038,0.019431
0.003732,0.001771
-0.00375,-0.006393
0.003092,0.001909
-0.001179,-0.000498
0.046698,0.03626
0.049298,0.049481
0.052997,0.050266
,
0.0,0.0
0.0,0.0
0.004314,0.002748
0.002049,0.001126
0.00252,0.001115
0.001013,0.003471
0.022428,0.02271
0.030912,0.006496
0.02878,0.026584
0.003014,0.003669
0.003893,0.002443
-0.00283,0.001446
-0.000428,-0.003684
0.016288,0.01304
0.002472,-0.00372
0.017896,0.020303
-0.005152,-0.005472
0.010602,0.006184
0.004727,0.00677
0.021346,0.020542
-0.004448,-0.000937
0.001878,0.00075
0.002166,0.002145
0.006454,0.007423
0.018838,0.021275
-0.000257,0.002546
0.042583,0.043727
0.003414,0.000123
0.000144,0.007043
-0.001758,0.002965
0.005179,0.007351
0.008346,0.000686
0.522142,0.47768
0.003323,0.00391
-0.058913,-0.05568
0.034984,0.038006
0.03297,0.022972
0.022029,0.023541
0.05448,0.046145
0.003244,0.00565
0.005659,0.00126
0.018193,0.016356
0.014295,0.012403
0.025111,0.021225
0.018948,0.010937
0.004372,0.003423
0.051032,0.037074
-0.028556,-0.03203
0.002921,0.000172
0.003616,0.007434
0.003338,0.001085
0.004652,0.002599
0.018267,0.005594
0.059028,0.027247
-0.008143,-0.006054
-0.002329,0.00226
0.002735,-0.000769
-0.000222,-4.2e-05
0.39421,0.274611
0.003896,-0.002027
-0.003484,-0.002661
-0.002181,-0.002061
0.000431,-0.000786
0.001792,0.001942
-0.002137,-0.002127
0.002244,0.000634
0.001768,0.000693
0.013545,0.00612
0.015789,0.01165
0.008025,0.001361
0.003829,0.002921
0.032411,0.023807
0.002152,0.000714
0.035107,0.016851
0.04248,0.036039
0.035032,0.021125
,
0.0,0.0
0.0,0.0
0.026032,0.026222
-0.004017,-0.001341
0.000548,-0.000395
-0.003108,0.004016
0.013788,0.010002
0.038128,0.007412
0.029114,0.03961
-0.002496,0.011015
0.010773,-6.3e-05
-0.005474,-0.007768
-0.000904,3.5e-05
0.016752,0.021147
-0.000259,0.000179
0.014266,0.013115
-0.009712,-0.007317
0.005256,0.002568
0.008545,4.6e-05
0.020149,0.01506
-0.00202,-0.006855
-0.003204,0.004037
0.001107,0.002819
-0.001442,0.00565
0.041499,0.022579
0.002269,-0.001803
0.022978,0.004676
0.00566,0.002733
-0.002936,-0.009134
0.001554,0.009483
-0.003193,0.019083
-0.013374,-0.000999
0.735305,0.598484
0.008791,0.003945
0.013411,0.013886
-0.003497,0.000788
0.021465,0.018934
-0.023526,0.032392
0.002093,0.004178
0.022622,0.007518
0.033983,0.014014
0.005526,-0.005674
0.005006,0.007803
0.043887,0.025482
0.010069,0.00306
0.014573,0.00174
-0.019649,-0.018871
-0.006584,-0.000193
-0.000654,0.004034
-0.002309,0.006255
-0.00117,0.002142
0.001411,0.00731
0.017143,0.006667
0.029434,0.002105
-0.005357,-0.017391
-0.009428,0.003396
0.006833,-0.005423
0.001406,-0.000211
0.511674,0.440699
0.003092,-0.007195
-0.001238,-0.002271
-0.000646,-0.000254
-0.000312,0.001718
0.008842,-0.003379
0.01911,0.019556
-0.004544,0.003173
0.002777,-0.004677
0.015349,0.006421
0.008883,0.012571
0.038957,0.027263
-0.002579,0.003847
0.035678,0.017867
0.002746,0.005243
0.030994,-0.001768
0.01142,0.014638
0.014887,0.008272
,
0.0,0.0
0.0,0.0
0.006667,0.004358
0.019802,0.015883
-0.002674,0.007517
-0.004756,0.015362
-0.00176,-0.006645
0.0345,-0.089939
0.00265,0.020588
0.014835,0.01533
-0.001011,-0.004542
0.005474,-0.008021
0.002212,0.011905
0.009512,0.005882
0.00516,-0.000386
-0.003959,-0.007767
0.023737,-0.002062
0.01023,0.016412
0.044774,0.04712
-0.008532,0.005887
0.003906,0.0
-0.000261,-0.003613
0.005825,-0.002208
0.010289,0.008902
0.003522,0.000276
0.01655,0.014847
0.014905,-0.000723
0.010482,0.009624
0.005338,0.003842
0.005354,-0.002991
0.000275,0.0
0.754911,0.700469
0.006953,0.004698
0.025131,0.01773
0.027099,0.03316
0.002969,0.00347
-0.015333,0.005239
0.00956,0.006036
0.003762,0.007621
0.017701,0.009877
0.015358,0.007118
-0.003431,-0.00193
-0.005668,0.000652
0.001949,0.0
0.004487,-0.001368
-0.002804,0.017144
0.003258,-0.001281
0.01262,0.015585
0.008417,-0.0042
0.004,0.0
0.013898,-0.003483
0.019634,0.006299
-0.007351,0.012821
-0.003293,0.005097
0.009016,0.004812
-0.006768,0.00032
0.64206,0.649335
-0.001021,-0.014809
0.003119,-0.010411
-0.001795,-0.006438
0.006678,0.00035
-0.001345,-0.007888
0.015774,0.011147
-0.008084,0.004189
0.01,0.002911
0.013636,-0.002312
0.016175,0.006444
0.020974,-0.001045
0.038387,0.027968
0.010756,-0.002693
0.007744,-0.006724
0.047907,0.049684
0.074303,0.050515
0.029279,0.045714
,
0.0,0.0
0.0,0.0
0.018651,0.030551
0.002745,0.004688
-0.003933,0.000724
-0.003705,0.009695
0.004222,-0.0034
0.035117,0.049741
0.020718,0.028108
0.006955,0.01796
0.003323,0.008798
-0.000672,0.001563
0.001524,0.001157
0.017019,0.012602
0.005141,0.009374
-0.001581,-0.003856
-0.006179,-0.003654
0.010478,0.004982
0.003578,0.004186
0.027952,0.029436
-0.006047,-0.002884
0.004649,-0.000634
0.004984,0.00482
0.010492,0.008997
0.043035,0.038758
-0.002004,-0.001284
0.074443,0.059865
0.00791,0.008771
0.00443,0.003546
0.027924,0.014718
-0.020309,-0.008731
-0.007654,-0.003096
0.692901,0.569998
0.00115,0.004213
-0.006604,-0.021855
0.008977,0.007848
0.001061,-0.000389
0.005968,0.005973
0.033706,0.036769
0.04045,0.039854
-0.000764,0.003746
-0.001419,0.000529
0.039961,0.033392
-0.00231,-0.001438
0.007634,0.012994
0.019676,0.011736
0.039758,0.038344
0.027966,0.028091
-0.002833,-0.001897
0.012424,0.013893
-0.000159,0.000145
-0.001954,-0.00037
0.000498,0.004248
0.01936,0.012525
-0.005602,-0.00558
-0.001542,0.00472
0.004685,0.003653
-0.000438,0.004254
0.504632,0.449425
0.005297,0.007603
-0.010724,-0.006716
-0.000897,-0.002165
0.000121,0.000208
0.000921,-0.004204
0.017566,0.010073
-0.001597,-0.008069
0.004332,0.006353
-0.000385,-0.004516
0.008419,0.015609
0.037418,0.040434
0.001761,0.004643
0.054206,0.043734
0.005669,0.007287
0.043777,0.059047
0.019256,0.017799
0.013214,0.009428
,
0.0,0.0
0.0,0.0
0.002492,0.002328
0.001937,0.003481
0.002358,0.002573
0.001433,0.002553
0.030666,0.029263
0.019113,0.016352
0.06908,0.06973
0.005752,0.005831
-0.001767,0.000108
0.000632,-0.001704
0.001974,0.000477
0.023865,0.021425
0.008773,0.003743
-0.008703,-0.007246
0.029353,0.027834
0.015832,0.016316
0.023139,0.015321
-0.002123,-0.002218
0.002737,0.001649
0.004643,0.003278
0.007958,0.006938
0.005816,0.005942
0.001491,0.001006
0.042809,0.033933
0.005982,0.003494
0.000795,0.001357
0.007632,0.007066
0.021734,0.017152
0.00516,0.005743
0.032324,0.029029
0.001234,0.000951
-0.001709,-0.000691
0.001301,-0.000551
0.000713,-4.5e-05
-0.003738,-0.002161
0.049813,0.04624
-0.001236,-0.003944
-0.000364,6.8e-05
0.000558,0.001245
0.046738,0.041006
0.00028,-0.000335
0.008232,0.007827
0.001175,0.001309
-0.003037,-0.026302
3.6e-05,-0.000545
0.002105,0.0014
0.006423,0.004636
0.001277,0.000582
0.001481,-2.8e-05
0.003149,8.5e-05
0.017602,0.013285
-0.002426,-0.00403
0.000836,0.001291
0.004932,0.002469
-0.002332,-0.002392
0.566339,0.515087
0.001435,-0.003335
-0.000484,-0.00446
-0.002953,-0.002452
0.000718,-2.4e-05
3.3e-05,-0.002596
0.015888,0.01432
0.004737,0.003363
0.001175,-0.000623
0.002347,0.000272
0.034812,0.030624
0.00738,0.004782
0.032007,0.031046
0.034477,0.030437
0.007449,0.006106
0.034625,0.032153
0.056001,0.057745
0.017229,0.020169
,
0.0,0.0
0.0,0.0
0.00658,0.004558
0.045736,0.040259
0.005527,0.002724
0.023981,0.021334
0.042636,0.040777
0.005495,0.001296
0.029879,0.032853
0.011815,0.008098
-4.4e-05,-0.000498
-0.000968,-0.000209
0.00488,0.004353
0.021541,0.021667
0.008803,0.005364
-0.009977,-0.007981
0.029936,0.031184
0.005981,0.005586
0.008405,0.005097
-0.010433,-0.008531
-0.000488,-0.000793
-1.1e-05,-0.000343
0.003129,0.002848
0.009957,0.008901
0.008552,0.008733
-0.000669,-0.00023
0.009637,0.008832
0.001516,0.000978
0.000924,-6.5e-05
0.000605,0.000746
0.024947,0.021395
0.001329,-0.000856
0.031346,0.031489
0.001462,0.001461
0.002627,0.005765
-0.002341,-0.003266
0.048129,0.048818
0.003246,0.002634
0.072193,0.070714
0.025824,0.022689
0.003042,0.001808
0.00431,0.003842
0.010519,0.007242
0.022471,0.016884
0.007667,0.006593
0.008525,0.006972
-0.005335,-0.013746
0.000321,0.00019
0.002752,0.001523
0.013923,0.010201
0.004173,0.00073
0.004505,0.000393
0.004362,0.003002
0.028515,0.024161
-0.001162,9.1e-05
-0.000348,-0.00078
0.010781,0.011461
-0.001942,-0.00517
0.544478,0.54801
0.004647,-0.00127
-0.003038,-0.00286
-0.000637,-0.000351
-0.000222,-0.001424
0.000413,-0.002461
0.040772,0.030484
-0.001418,-0.006389
-0.000138,-0.001037
-0.001128,-0.00244
0.048076,0.041047
-0.000147,-0.00223
-0.009979,-0.013084
0.001131,0.000947
0.002078,-0.00311
0.037902,0.034486
0.026859,0.024142
0.016959,0.016284
,
0.0,0.0
0.0,0.0
0.003765,0.002108
0.029675,0.036166
0.000991,0.003573
0.039788,0.043916
-0.000694,0.000493
0.057812,0.027494
0.01225,0.012531
0.010267,0.005871
0.005621,0.00444
0.006499,0.003252
0.006029,0.007518
0.007318,0.00691
0.080623,0.066232
0.001842,0.002237
0.014594,0.011525
0.012399,0.011516
-0.000294,-0.005299
0.000947,0.00056
0.014456,0.011772
-0.001723,-0.002618
0.038701,0.030105
-0.002896,-0.001956
0.135952,0.124261
0.010249,0.001683
0.004465,0.000626
0.007145,0.010712
0.020365,0.015716
0.007558,0.010001
-0.001694,0.001271
0.005746,-0.000939
0.032457,0.029697
0.034846,0.021023
0.008859,0.00848
-0.028447,-0.038975
0.040853,0.046617
-0.004377,-2.9e-05
-0.000332,0.003258
0.000472,-0.000162
0.029279,0.030319
-0.002158,-0.00354
0.045633,0.046094
-5.1e-05,0.002659
0.003258,0.000465
0.021731,0.018838
-0.001701,0.002239
0.001673,0.000106
0.000314,0.001075
0.008293,0.009972
0.011767,0.00979
-0.003286,-0.005168
0.003479,-0.003894
0.01673,0.010985
-0.002224,-0.003079
0.715786,0.650353
-0.00452,-0.004272
-0.005874,-0.005196
-0.00999,-0.005071
3.5e-05,-0.002103
0.002513,0.000721
0.014775,0.010288
0.004249,0.005196
0.004743,0.006967
0.001896,0.000774
0.03193,0.0329
0.003309,0.001543
0.042089,0.038175
0.003445,0.001668
0.000294,0.00481
-0.001877,-0.002666
0.036793,0.037766
0.014,0.015411
,
0.0,0.0
0.0,0.0
0.007441,0.00693
0.018157,0.023509
0.076992,0.067721
0.004005,0.001185
0.001871,0.002598
0.058327,0.012736
0.044368,0.046299
0.016458,0.010731
0.00661,0.003239
0.005457,0.006932
0.023615,0.022792
0.034539,0.03982
0.011974,0.012687
0.037993,0.038841
0.012965,0.01046
0.012559,0.009185
0.017398,0.01923
0.002049,0.001399
0.099332,0.096045
0.004082,0.007672
0.120068,0.11516
0.002636,0.002138
0.144427,0.145516
-3.1e-05,0.000503
-0.000323,-0.000478
0.010165,0.013308
0.023675,0.019853
0.001009,-0.000531
-0.008076,-0.011585
-0.002491,-4.1e-05
0.036293,0.038521
-0.002495,-0.000254
0.02008,0.019461
-0.005563,-0.00341
-0.008977,-0.004598
-0.007781,-0.010867
-0.002839,-0.002879
-0.001591,-0.001866
0.005456,0.005401
0.018108,0.00531
0.009133,0.005496
0.001996,0.000656
-0.001408,-0.001386
-0.003042,-0.002943
0.002438,0.003365
0.00607,0.003711
0.007367,0.003699
0.007919,0.006859
0.024813,0.020177
0.018496,0.017976
-0.005226,-0.006049
0.000448,-0.002898
0.006536,0.006485
-0.002771,-0.002586
0.689009,0.679965
0.002118,0.001426
-0.003065,-0.003301
-0.001561,-0.000483
2.6e-05,-0.000556
-0.0017,-0.002951
-0.000879,-0.002396
0.050718,0.040176
-0.00058,-0.001169
0.000985,-0.000268
0.000911,-0.000947
9.1e-05,0.001391
0.001706,0.000561
0.002104,-0.000962
0.009055,0.007034
0.032563,0.019008
0.029775,0.033207
0.012899,0.011913
,
0.0,0.0
0.0,0.0
0.008486,0.004818
0.018518,0.019568
0.079675,0.062156
-0.000204,0.000357
0.002663,0.001596
0.041552,0.006528
0.042284,0.041942
0.013582,0.006629
0.004344,0.004666
0.006703,0.004069
0.020073,0.022073
0.032813,0.033759
0.013662,0.011001
0.035756,0.037213
0.013206,0.014967
0.015606,0.012828
0.0188,0.019847
0.001379,-0.000216
0.093059,0.096118
0.004803,0.004127
0.113425,0.112062
0.004052,0.001498
0.155266,0.161697
-0.00025,0.000616
-0.000133,0.001405
0.013147,0.012299
0.016083,0.014424
-0.000421,-0.005605
-0.005311,-0.007763
-0.001477,0.001599
0.02141,0.034443
7.4e-05,-0.001501
0.020012,0.014394
0.002186,0.001526
-0.003395,-0.002645
-0.000155,-0.0078
-0.002144,0.000192
-0.002273,-0.001302
0.008202,0.00493
0.013435,0.003914
0.007048,0.00695
0.005054,0.002151
-0.002463,-0.002322
-0.002205,0.00067
0.000922,0.002054
0.000619,-0.002469
-0.000155,0.000562
0.002542,6.9e-05
0.006415,0.004882
0.019495,0.014126
-0.003018,-0.007808
-0.002269,-0.002282
0.001844,0.00151
-0.001566,-0.001213
0.662073,0.60284
-0.000599,-0.002455
-0.00599,-0.007329
-0.00289,-0.003415
-0.000311,0.001825
0.026782,0.021474
0.00608,0.004993
0.038563,0.031164
0.00053,0.000363
0.001592,-0.000198
0.001598,-6.5e-05
0.001648,0.000295
0.001854,0.000518
0.001071,0.000587
0.009601,0.00597
0.031251,0.020951
0.034649,0.031533
0.014669,0.014668
,
0.0,0.0
0.0,0.0
0.000654,-7.3e-05
0.001095,0.001701
0.000864,0.001031
0.002188,0.001618
0.002181,0.002906
0.001845,0.002359
0.003068,0.001268
0.007114,0.005328
0.001962,0.00086
0.001091,0.00272
0.001076,-0.00083
0.004306,0.00402
0.006875,0.005173
0.03644,0.032402
0.026298,0.020913
0.012741,0.009579
0.062785,0.054323
0.00206,0.001168
0.047505,0.041676
0.002349,0.001145
0.001559,-3.8e-05
0.003313,0.000961
0.010074,0.008388
0.002484,0.001079
0.038174,0.03957
0.00076,0.001793
0.001875,0.002897
0.021562,0.02761
0.000777,0.001893
0.000451,0.000481
0.024004,0.023386
-0.001864,-0.003061
0.097391,0.107917
-0.004892,-0.004337
0.052691,0.055847
-0.000729,-0.000266
0.064278,0.059448
0.009392,0.010842
0.024139,0.025626
0.001219,0.000934
0.006995,0.007033
0.011677,0.011605
-0.000664,0.000223
0.000977,0.000458
0.000957,-7e-06
0.001661,0.001363
0.004984,0.003052
0.004254,0.001322
0.006389,0.003272
0.011082,0.007696
0.022456,0.01925
0.000456,-0.000844
-0.007071,-0.005428
0.003442,0.003131
-0.002271,-0.002561
0.678302,0.644152
0.000723,-3.6e-05
-0.005593,-0.00815
-0.00586,-0.003682
-0.000356,-0.001725
0.000387,-0.001159
2.9e-05,-0.001437
0.002366,8.6e-05
0.001796,0.00079
0.005891,0.005923
0.010544,0.009381
0.022926,0.020937
0.056747,0.054335
0.006587,0.004862
0.004841,0.005174
0.043456,0.035466
0.028405,0.029255
0.015481,0.019562
,
0.0,0.0
0.0,0.0
0.014201,0.02341
0.008034,0.018979
0.062461,0.098358
0.002544,0.006533
0.03245,0.024671
0.022293,0.01062
0.004254,0.004897
0.011468,0.000955
-0.000144,0.000844
-0.002683,-0.004442
-0.000697,4e-05
0.001786,0.001264
0.00447,0.00798
-0.000505,0.002902
0.015489,0.009097
0.017568,0.019484
-0.005602,-0.004713
-0.001583,0.001707
0.002363,0.00628
0.007776,0.003002
0.004116,0.004579
-1.5e-05,-0.004845
0.018367,0.015379
0.013308,0.005852
0.010657,0.012238
0.004039,0.01007
0.048473,0.052984
0.001006,0.000776
-0.003114,-0.002032
-0.000914,0.001776
0.052916,0.047
0.054675,0.052476
0.072105,0.064928
0.044424,0.045659
0.014229,0.016293
0.028181,0.047916
0.001009,0.002301
0.003591,0.002562
0.003572,0.001861
0.000646,0.001497
0.004369,0.000349
-0.000285,-0.001047
0.001411,-0.0005
0.00372,0.002601
0.026567,0.0149
0.006455,0.001319
0.012548,0.003687
0.007758,0.006339
0.016428,0.009007
-8.6e-05,-0.001612
0.003793,0.006345
0.000344,0.006337
-0.002131,-0.003802
0.739901,0.717239
-0.010549,-0.002945
0.000284,-0.005974
-0.007774,-0.003837
-0.000625,-0.000216
-0.00083,0.003027
0.005226,0.001512
0.000345,-0.005963
0.007176,0.01005
0.019203,0.043484
0.002319,0.005869
0.006191,0.003374
0.00359,0.006608
0.058979,0.081115
-0.000467,0.00184
-0.001984,-0.007463
0.026225,0.032062
0.016586,0.017719
,
0.0,0.0
0.0,0.0
0.014258,0.009382
0.012246,0.00952
0.05647,0.045804
0.010536,0.006519
0.007396,0.004568
-0.000467,-4.5e-05
0.042024,0.037381
0.009607,0.005288
0.002042,0.00022
-0.001554,-0.002084
0.002032,0.000444
0.008536,0.008518
0.003349,0.000146
-0.006198,-0.009343
0.000155,0.000423
-0.000316,-8e-05
0.011148,0.005587
-0.002952,-0.005432
0.001984,0.001465
0.006643,0.00302
0.011347,0.007304
0.026973,0.020163
0.001799,0.000873
0.029014,0.027699
0.002352,0.002699
0.009949,0.007846
0.00251,0.002502
-2.1e-05,0.000287
0.001995,0.001092
0.001093,0.000479
0.002237,0.002258
0.040051,0.040571
0.058621,0.053217
0.060628,0.058534
0.046351,0.053673
0.017684,0.021772
0.020269,0.015421
0.023296,0.017486
-0.002413,-0.002211
0.002073,0.003131
0.022494,0.015104
0.007584,0.006202
0.010322,0.008775
-0.012203,-0.024926
0.001158,0.001093
0.002179,0.001007
0.023622,0.016476
0.006795,0.003206
0.010696,0.006397
0.014729,0.010753
0.031848,0.024424
-0.003935,-0.002323
0.000928,0.004364
0.005762,0.00488
0.000696,-0.001954
0.554876,0.551541
0.004088,0.000849
-0.003132,-0.004402
-0.001354,-0.002675
0.000285,0.00081
0.003047,0.002041
0.027457,0.02872
-0.001893,-0.001945
0.00048,-0.002077
-0.00013,-0.00018
0.000878,-0.001332
0.002672,0.003203
0.002563,0.002849
0.046407,0.04799
0.006306,0.004049
0.00412,0.001144
0.027672,0.027571
0.013229,0.012185
,
0.0,0.0
0.0,0.0
0.014007,0.020199
0.012845,0.017042
0.063375,0.093614
0.00091,0.001611
0.016105,0.018003
-0.002012,-0.000105
0.00846,0.007104
0.016909,0.012512
0.000222,0.000194
0.00482,0.001079
-0.000772,-0.002211
0.005103,0.001986
0.003417,0.001875
-0.001291,-0.004326
0.015737,0.01815
0.009775,0.009713
0.040187,0.042842
-0.000169,-0.000362
0.00043,-0.001154
-0.003486,-0.00353
-0.000712,-0.003649
0.003856,0.00231
0.000609,0.000405
0.042275,0.040531
0.005541,6.3e-05
0.000703,0.00407
0.007299,0.006861
0.03316,0.033185
0.002073,0.004237
0.015564,0.012683
-0.000684,0.000232
-0.005449,-0.01497
0.040256,0.036885
0.049543,0.047242
0.059249,0.066204
0.052223,0.039604
0.017722,0.015595
0.004306,0.004914
0.004682,0.001897
0.019356,0.016987
0.010823,0.010014
0.001361,-0.003177
0.014855,0.016382
0.008688,0.007939
3.4e-05,-0.002525
0.031605,0.03453
0.004076,-0.004485
0.002911,0.004801
0.005435,0.001992
0.019437,0.014981
-0.004229,0.002007
0.004142,-0.00408
0.020319,0.016139
-0.003492,-0.002468
0.745733,0.711852
-0.012201,-0.014916
-0.004989,-0.004897
-0.006166,-0.001189
-0.001329,1.7e-05
0.001679,0.000548
0.021684,0.030425
0.002385,-0.004941
0.002598,0.000696
0.021031,0.030222
0.000603,0.001106
-0.001079,0.001476
0.002285,0.004892
0.046439,0.05813
-0.00286,0.004436
-0.001933,-0.00443
0.033043,0.024295
0.018304,0.014051
,
0.0,0.0
0.0,0.0
0.005012,0.006705
0.036869,0.028618
0.004933,0.005917
0.000593,0.001285
0.004647,0.003389
0.034115,0.01599
0.021791,0.026361
0.022255,0.022429
0.002519,0.000302
0.001467,-0.001737
0.002473,0.000376
0.009699,0.009849
0.003353,0.00481
0.000919,0.001061
0.001593,0.001285
0.005818,0.005965
0.014948,0.011844
0.001401,0.001321
0.002363,0.002979
0.006629,0.005694
0.004554,0.005241
0.119942,0.105599
-0.000729,-0.001468
0.158501,0.156343
-0.002664,-0.001816
-0.00085,-0.00131
0.003789,0.002361
0.029811,0.026803
0.005958,0.007587
0.000573,-0.000844
0.003564,0.00296
-0.003621,0.002016
-0.000469,0.000347
0.036466,0.034228
0.003634,0.00614
-0.007019,-0.003557
-0.006976,-0.003774
-0.000783,0.001713
-0.000235,0.001518
0.005295,0.004875
0.024965,0.016924
-0.001953,-0.004197
0.001659,-0.004147
-0.024751,-0.014855
0.001075,0.000247
0.001773,0.002322
0.032669,0.028122
0.00216,-0.003195
0.003987,0.003356
0.005107,0.002867
0.018518,0.015543
-0.005782,-0.005235
0.00267,0.00254
0.001781,0.000216
-0.00212,-0.002021
0.527911,0.504531
0.001583,-0.00045
-0.004547,-0.006094
-0.001646,-0.004719
-0.000132,-0.003517
0.000655,0.000685
-0.001013,0.000591
-0.00025,-0.00264
-0.001131,-0.003092
0.000275,0.004141
0.023693,0.020798
0.001732,0.002614
-0.001603,-0.002482
0.004748,0.001363
-0.000423,-0.002844
-0.004177,-0.008308
0.046157,0.042911
0.016595,0.015017
,
0.0,0.0
0.0,0.0
0.016755,0.021919
0.001556,-0.002142
0.00223,0.002663
0.001457,0.006225
0.029148,0.038905
0.000757,-0.000102
0.048915,0.053485
0.011776,0.006803
0.003554,-0.001245
0.002478,-0.000516
0.001852,0.001828
0.031854,0.03179
0.00376,0.002087
0.039684,0.033484
-0.006607,-0.003497
0.002944,0.003795
0.009331,0.008206
-0.005949,-0.005387
0.000303,-0.000903
-0.000753,0.000776
0.004211,0.004928
0.004646,0.002194
0.038584,0.035519
0.00328,-0.004423
0.011708,0.002119
-0.000866,-0.000301
0.005257,0.00437
0.000274,0.002489
-0.001327,0.001733
0.000707,0.000374
0.018216,0.017506
0.001853,0.000421
0.030549,0.031164
0.03257,0.024515
-0.000192,-0.000449
-0.017786,-0.013014
0.01908,0.013193
0.009097,0.009984
0.005525,0.012803
0.033476,0.025456
0.003163,0.002883
0.01658,0.014999
0.001189,-0.00072
0.005181,0.000226
0.037212,0.028213
-0.017361,-0.017095
0.000407,0.000188
0.002237,0.001886
0.010413,0.006125
0.005466,0.003419
0.015139,0.004582
0.036365,0.015013
-0.002277,-0.00024
0.003754,0.002181
0.026201,0.02118
0.019197,0.012923
0.529087,0.372999
0.004555,0.001178
-0.002742,-0.005976
-0.004979,-0.002731
-0.000551,-0.001022
-0.000539,0.00237
-0.001301,-0.000174
-0.000119,-0.003827
0.000328,0.001384
0.002267,-0.000478
0.015145,0.011263
0.019969,0.015781
0.007445,0.001509
0.002368,0.0048
0.001296,0.001352
0.035645,0.021263
0.073605,0.059401
0.017769,0.013415
,
0.0,0.0
0.0,0.0
-0.066667,0.0
0.0,0.0
0.0,0.0
0.0,0.333333
-0.076923,0.0
0.0,0.0
0.125,0.0
0.125,0.0
-0.0625,0.0
0.0,0.0
0.0,0.0
0.0,0.0
-0.052632,0.0
0.0,0.0
0.0,0.0
0.375,-0.1
0.0,0.0
0.0,0.0
0.0,0.0
-0.043478,0.0
0.0,0.0
0.0,0.0
-0.043478,0.0
0.125,0.0
-0.045455,0.0
0.125,0.0
0.0,0.0
0.25,0.0
0.0,0.0
0.0,-0.111111
0.0,0.0
-0.027778,-0.233333
0.0,0.0
0.0,0.0
-0.014085,0.009423
0.0,-0.005272
0.0,-0.02461
-0.013889,0.0
0.076923,0.0
0.0,-0.010842
0.128151,-0.005284
0.142857,-0.03125
0.071429,0.039216
0.3,0.029126
-0.041249,-0.025253
0.0,0.014706
0.04,0.007463
0.0,0.007353
0.0,-0.002277
0.043478,-0.011984
0.034553,0.014493
0.015904,0.004877
-0.011905,-0.004632
0.04,0.0
0.0,0.0
0.24,0.033333
0.0,0.005888
-0.038961,-0.003704
0.0,-0.001772
0.0,0.0
0.0,0.0
0.0,0.008
0.0,0.022901
0.0,-0.009524
0.0,0.0
-0.013514,-0.038835
0.041667,0.0
-0.013514,0.0
-0.012821,0.007519
0.0,0.013158
-0.020408,0.0
0.052632,0.0
0.0,0.008696
,
,
,
,
,
,
,
,
,
,
,
,
,
,
,
,
,
,
,
,
,
,
,
,
,
,
,
,
,
,
,
,
,
,
,
,
,
,0.0
,0.0
,0.0
,0.0
,0.0
,0.0
,0.0
,0.0
,0.0
,0.0
,0.0
,0.0
,0.0
,0.0
,0.0
,0.0
,0.0
,0.0
,0.0
,0.0
,0.0
,0.0
,0.0
,0.0
,0.0
,0.0
,0.0
,0.0
,0.25
,0.0
,0.0
,0.0
,0.0
,0.0
,0.0
,0.0
,0.0
,0.0
,0.0
,
0.0,0.0
0.0,0.0
-0.001718,0.007011
0.025641,0.027344
0.021025,0.021277
0.017787,0.006984
0.030925,0.045761
0.067799,0.004673
0.013656,0.017672
0.028289,0.019559
0.007193,0.007346
0.017751,0.020558
0.007332,0.000697
0.00489,0.001825
-0.012879,-0.012058
-0.001928,-0.0175
0.007405,0.001683
0.009694,-0.001045
0.032237,0.045608
-0.008008,-0.001719
0.005569,0.007116
0.013068,0.008862
0.115284,0.128184
0.004166,0.005059
0.019054,0.015294
0.004783,0.00715
0.055063,0.060798
0.00571,0.012831
-0.001262,0.003548
-0.00961,0.003643
0.020011,0.017013
0.006562,0.012443
4.7e-05,0.000511
0.00317,0.000964
0.009114,0.002071
0.005861,0.00582
0.003176,0.002159
-0.013807,-0.013318
0.089412,0.078759
-0.001359,-0.006039
-0.00154,0.001108
0.002629,0.003549
-6.7e-05,-0.000529
-0.002283,-0.00344
-0.003612,0.001691
0.01825,0.02439
0.000248,-0.002199
0.00574,0.002943
0.010967,0.006443
0.046134,0.033475
0.046712,0.04376
0.035801,0.023343
-0.00094,0.000326
0.010841,0.009726
0.003987,0.008153
0.024065,0.017542
-0.007373,0.004426
0.01925,0.019326
0.001795,-4e-05
0.002527,-0.001536
0.013448,0.008479
0.025591,0.012781
-0.010167,-0.011414
0.006197,0.00076
0.017355,0.013109
-0.003566,-0.001743
0.558552,0.475742
0.005717,0.004232
-0.007247,-0.011218
-0.002952,-0.0078
0.000895,0.000584
-0.003067,0.00396
0.019358,0.022968
0.005502,-0.000582
0.001083,-0.002511
0.00315,-0.004163
-0.007693,-0.00436
0.003603,0.006091
0.026067,0.026786
0.041838,0.037425
-0.011927,-0.01644
0.072608,0.092413
0.070815,0.065076
0.031999,0.023693
,
0.0,0.0
0.0,0.0
0.041546,0.05582
0.010395,0.007774
0.003562,0.012123
0.021047,0.0424
0.047017,0.042848
-0.015837,0.000196
0.006261,0.007175
0.038234,0.033656
0.004889,0.005246
0.005089,0.006705
0.004789,0.008386
0.00264,-0.000149
-0.0294,-0.052324
-0.001255,-0.003196
0.00081,-0.000569
-0.004496,-0.00401
0.021711,0.01236
-0.004181,-0.005443
0.000932,0.001466
0.00875,0.006053
0.152248,0.143359
0.00239,0.001386
0.013065,0.006937
0.002244,-0.0004
0.011985,0.001891
0.001522,0.001296
0.000949,-9.1e-05
0.004261,0.003912
0.023737,0.018768
0.002066,0.001544
-0.00041,-0.002039
-0.000482,-0.002474
0.064674,0.057561
0.003335,0.010825
0.012638,0.012168
-0.008263,-0.01725
-0.007896,-0.005076
0.009739,0.009073
-0.000829,-0.004252
0.000955,0.000664
0.006648,0.004743
0.034504,0.024372
-0.001721,-0.000364
0.010922,0.008891
-0.001519,-0.000585
0.0,-0.00014
0.003643,0.002235
0.003559,0.001965
0.004141,0.005488
0.051321,0.051236
0.061311,0.0587
0.015266,0.018982
0.054814,0.059907
0.005793,0.009378
-0.00182,0.00278
0.021443,0.015512
0.003243,0.002943
0.010874,0.010373
0.001965,0.001341
0.003427,0.002564
0.006406,0.005589
0.056577,0.036696
0.003522,0.00081
-0.014071,-0.0171
0.04537,0.035649
-0.009682,-0.006154
0.595598,0.58978
-0.025234,-0.014633
-0.00193,0.002354
-0.000105,-0.010794
0.005395,-0.006579
-0.013613,-0.015839
-0.021772,-0.027434
-0.016644,-0.014815
0.000194,-0.0039
0.003187,0.000491
0.013171,0.00876
-0.014731,-0.009388
-0.015532,-0.027941
0.006812,0.005222
-0.073356,-0.089523
0.104346,0.135793
0.083552,0.09169
0.046572,0.045209
,
0.0,0.0
0.0,0.0
0.033236,0.043744
0.00572,0.012723
0.001436,0.011905
0.021792,0.016383
0.068644,0.048149
-0.000884,-0.010748
-0.004811,0.006757
0.027832,0.024936
0.001055,-0.001087
0.018008,0.002993
0.013616,-9.9e-05
0.005154,-0.00565
-0.018691,-0.01436
-0.003786,-0.003966
0.000892,7e-06
-0.011685,-0.002224
0.0262,0.017513
-0.002801,-0.003501
0.004344,0.00219
0.008568,0.005635
0.145605,0.139815
0.002891,0.001063
0.015919,0.00881
0.003371,0.003268
0.011397,0.002394
0.004582,-0.002354
0.003957,-2.9e-05
0.00608,0.003198
0.022055,0.018938
0.002505,0.000371
-0.008192,-0.002141
0.000878,-0.003774
0.058643,0.059015
0.0073,0.005731
0.010062,0.011861
0.0047,-0.001074
-0.009273,-0.009182
0.007815,0.010212
-0.001622,-0.001692
0.001899,0.000225
0.00679,0.004901
0.034412,0.026671
-8e-06,0.001779
0.005965,0.010104
-0.001068,-0.002462
0.0,0.0
0.001341,0.005473
0.003788,0.002737
0.003675,0.009694
0.048025,0.046926
0.057872,0.064835
0.019879,0.013818
0.034302,0.034585
0.00879,0.007411
0.004101,0.000752
0.020501,0.015576
0.004559,0.001182
0.01519,0.013973
0.003695,-0.001495
0.00316,3.4e-05
0.003669,0.013083
0.076906,0.063034
-0.002157,0.0043
0.001175,-0.01336
0.044126,0.029473
-0.003843,0.003138
0.567453,0.577504
-0.012255,-0.009608
-0.00166,-0.001455
-0.007381,0.015381
-0.007595,-0.027471
-0.017658,-0.002855
-0.010716,-0.010717
-0.002167,0.007895
0.004613,0.000539
-9.2e-05,0.004506
0.017857,0.014144
-0.003366,-0.009734
-0.008337,-0.012103
0.019506,0.018699
-0.06993,-0.033212
0.12375,0.092376
0.09589,0.143939
0.044471,0.044843
,
0.0,0.0
0.0,0.0
0.003563,0.001283
0.033625,0.041257
0.008848,0.006089
0.037157,0.022394
0.055415,0.054054
-0.006241,0.003526
0.005843,0.004782
0.153739,0.150381
0.007477,-0.001661
0.00259,0.008002
0.009318,0.015648
-0.000214,0.003314
-0.005936,0.002537
-7.7e-05,-0.001889
-0.000216,-0.001282
-0.00781,-0.002249
0.018773,0.027821
-0.006327,0.001868
0.002492,-0.00125
0.014625,0.015314
0.181294,0.178274
0.002106,0.002591
0.010988,0.011463
0.001653,0.001822
0.005184,0.013112
-0.000855,0.004685
-0.00025,0.001142
0.001453,0.002044
-0.001878,0.002032
0.00395,0.000304
0.000638,-0.002262
0.002786,0.002505
0.052317,0.041772
-0.003296,0.010424
0.014441,0.011564
-0.034054,-0.032275
-0.003506,-0.008285
0.001943,0.000866
0.035695,0.035575
-0.001769,-0.002294
0.002225,0.003137
0.051394,0.035988
0.002553,0.000738
0.017198,0.013172
0.000858,-0.000706
-0.001275,0.000825
0.002481,0.002334
0.074616,0.069793
0.0394,0.038732
-0.000861,-0.001251
0.026713,0.024237
0.023436,0.01853
0.0253,0.019708
0.04445,0.035591
-4.5e-05,-0.000515
-0.009092,-0.003453
-0.003146,0.00035
0.005789,0.002609
0.002706,0.000688
0.000812,0.002
0.007261,0.005422
0.027331,0.017946
0.001252,-5.3e-05
0.005487,-0.00067
0.041914,0.033268
0.012108,0.008828
0.539837,0.505127
-0.003487,-0.003022
-0.003781,-0.003165
-0.00016,-0.001392
0.001166,0.002897
0.002726,0.003169
0.025539,0.015208
-0.002414,0.001119
0.001834,0.000949
0.000713,-0.001374
0.000162,-0.000763
0.001783,0.001204
0.009979,0.005347
0.046003,0.04173
-0.00017,-0.001299
0.019471,0.013845
0.045071,0.039659
0.021989,0.023151
,
0.0,0.0
0.0,0.0
-0.0047,0.0
-0.001645,-0.000941
0.027107,0.017399
0.03132,0.015448
0.018993,0.008376
0.019518,0.017314
0.005411,-0.000638
0.055424,0.038536
0.007402,-0.005451
0.008982,0.010965
0.005799,0.006903
0.005731,0.004202
-0.009425,-0.008419
0.000184,-0.001689
0.003197,0.006904
0.00853,0.011258
0.045944,0.049526
-0.005236,-0.009696
0.00079,0.00137
0.013627,0.012785
0.155228,0.136218
0.002373,0.001251
0.00103,0.00636
-0.000444,0.003028
0.092708,0.080394
0.005893,0.006549
0.003875,0.008184
0.019986,0.004059
0.037126,0.033245
-0.002183,0.002186
-0.003638,0.001056
0.000412,-0.002263
-0.044511,-0.064166
0.004657,0.00322
0.001235,0.005992
-0.039722,-0.035169
0.110402,0.099044
-0.006297,0.00173
-0.001446,-0.00306
-0.005385,-0.002085
0.001064,0.003443
-0.005788,0.006329
0.003777,0.01053
0.013072,0.007567
0.029084,0.01182
0.007956,-0.002871
0.085645,0.062725
-0.00627,-0.000887
0.006152,-0.000521
0.047333,0.048893
0.039731,0.023368
0.006221,0.010231
0.064633,0.052031
-0.000615,-0.004638
-0.002381,0.001583
0.038327,0.011949
0.00289,-0.007866
0.025558,0.016534
-0.002618,0.002063
0.002426,0.001302
0.003774,0.003415
0.036739,0.016207
0.003909,0.002771
-0.00326,-0.002779
0.031758,0.016911
0.010354,0.009356
0.461407,0.37147
-0.005203,-0.00176
-0.007151,-0.008653
-0.002023,-0.003769
0.000577,0.002198
0.005597,0.000891
0.034005,0.022718
0.004234,-0.000292
-0.006122,0.001503
0.001035,-0.000926
-0.001328,-0.000447
0.016735,0.008591
0.002375,0.011793
0.065662,0.04686
-0.000281,0.001835
0.014502,0.016792
0.045262,0.038194
0.029088,0.019704
,
0.0,0.0
0.0,0.0
0.010157,0.013484
-0.005876,0.020786
0.044804,0.116601
0.001293,0.002893
0.025082,0.008413
0.11135,-0.017435
0.027262,0.011939
0.015467,0.018318
0.01206,0.00352
0.019743,0.013833
0.009546,-0.004394
-0.000202,0.00234
-0.073412,-0.098718
-0.015949,-0.005562
-0.001739,-0.001036
-0.003698,-0.002025
0.03529,0.024288
-0.004286,-0.004308
0.001836,0.006392
0.012509,0.007962
0.144196,0.145257
0.003195,0.004564
0.017385,0.011392
-0.000588,0.002956
0.066256,0.072178
-0.002843,-0.006223
-0.001983,-0.001353
-0.000695,0.000328
0.026535,0.022644
0.003447,0.00664
-0.005151,-0.001906
-0.004799,0.001381
0.009642,-0.003248
-0.003418,0.006346
0.019507,0.014504
-0.019816,-0.04575
-0.003786,-0.006928
-0.003033,0.000667
-0.001345,0.003504
-0.002796,0.003147
0.007459,0.007794
0.024172,0.020158
0.000628,0.004765
0.019106,0.009852
-0.002119,0.002181
0.004461,0.000921
0.013238,0.014435
0.061875,0.048589
0.036531,0.02271
0.01444,0.009362
0.014752,0.014978
0.108237,0.086508
-0.000278,-0.003552
0.030393,0.014459
-0.001217,-0.008174
0.019993,0.016326
0.009795,-0.001981
0.008756,0.010826
0.008864,0.004445
0.032833,0.02972
-0.007013,0.002188
-0.003106,-0.00022
0.032536,0.036257
0.015652,0.01178
0.499145,0.411152
0.008689,0.004491
-0.00489,-0.003129
0.002621,0.001911
-0.001659,-0.001935
-0.00019,0.001626
0.026375,0.017784
-0.00082,-0.003431
-0.000596,0.000139
0.002068,-0.002078
0.004005,0.003139
0.003212,-0.005024
0.001808,0.003098
0.05845,0.047124
0.008661,-0.000179
0.015747,0.009727
0.046467,0.031032
0.031826,0.023186
,
0.0,0.0
0.0,0.0
0.042595,0.043788
-0.004758,-0.002195
0.004746,-0.000568
0.044637,0.065816
-0.001193,-0.00067
-0.00083,0.019175
0.034017,0.021112
0.011263,0.00443
-0.000455,0.001407
0.000475,-0.000181
0.000804,0.001387
0.02777,0.026124
0.004739,0.003132
-0.007085,-0.00432
0.000285,-0.000566
-0.001705,0.003564
0.010003,0.006358
-0.004449,0.000822
0.001637,0.001687
0.002579,-0.000792
0.005754,0.00877
0.024012,0.0261
0.000698,0.001118
0.045332,0.04741
0.010503,0.00876
-0.000263,-0.006466
-0.002201,0.001452
0.02608,0.024604
0.003413,0.002294
0.022623,0.015782
0.002319,-0.002477
0.033574,0.038323
-0.000807,0.000184
-0.000332,-2.4e-05
-0.006452,-0.00106
0.032944,0.031574
-0.004164,-0.005124
0.000843,0.000153
0.009347,0.00373
0.00757,0.001237
-0.002332,0.000424
-0.001393,9.3e-05
0.007163,0.004082
0.03795,0.021948
-0.050259,-0.049629
0.00354,0.002998
0.010593,0.006055
-0.00082,-0.000213
0.002148,0.001155
0.00946,0.003106
0.022185,0.012769
-0.000779,-0.007042
-0.001068,0.000585
0.006707,0.001936
0.00091,-0.00067
0.57021,0.429141
0.000552,-0.00013
-0.001368,-0.005745
-0.001487,-0.001225
-0.000569,0.000404
0.000815,-0.002827
0.015236,0.008987
0.001436,-0.001419
0.00019,-0.002124
0.003667,0.001636
0.030923,0.021014
0.000643,0.00219
0.001251,-0.001148
0.003414,0.002404
-0.002435,0.003179
0.027176,0.019366
0.037249,0.026811
0.018616,0.010363
,
0.0,0.0
0.0,0.0
0.003309,0.002339
0.000278,-0.000524
0.002247,0.002051
0.006711,0.001004
0.024945,0.034746
0.055276,0.039637
0.027675,0.029461
0.009052,0.009307
-0.002788,0.000346
0.003538,-0.003358
0.00068,0.001712
0.016633,0.014699
0.002436,-0.000427
-0.002256,-0.007222
-0.003096,-0.001582
0.003833,0.004191
0.005618,0.004559
-0.008842,-0.020807
-0.001186,-0.000899
-0.000838,0.001593
0.004518,0.002172
0.005192,0.007371
0.026261,0.022248
0.002759,-0.000465
0.03107,0.028469
0.002684,0.001736
0.004019,0.001552
-0.003151,-0.006195
0.002501,0.000188
0.007845,0.008096
0.021381,0.017165
-0.002406,0.00175
0.002829,0.00694
0.014236,0.011013
0.000367,0.000397
-0.003993,-0.006419
0.04337,0.04764
0.002603,-0.005888
0.00949,0.004602
0.00832,0.002585
0.004483,-0.001869
0.013974,0.016108
0.00989,0.011789
0.003818,0.00312
0.016316,0.007907
0.006197,-0.010762
0.00129,-0.000278
0.001964,0.000868
0.002557,0.001702
0.007525,0.004381
0.025395,0.012373
0.038737,0.025305
0.003237,-0.007102
0.004405,3.8e-05
0.016187,0.007359
-0.002627,-0.002372
0.546608,0.481526
0.00236,0.004017
-0.003218,-0.005267
-0.009852,-0.006984
-0.002681,-0.000276
0.000106,-0.000359
0.028854,0.022618
0.000535,0.001861
0.001429,0.000366
0.030182,0.017533
-0.000949,-0.002605
-0.000833,0.000465
0.035097,0.012563
0.004184,0.0029
-0.005829,-0.004291
0.044614,0.027085
0.043278,0.043024
0.048371,0.04718
,
0.0,0.0
0.0,0.0
0.002591,-0.003141
-0.002673,-0.001769
0.023899,0.024019
0.027376,0.021973
0.021216,0.017001
0.033952,0.000953
0.031751,0.044999
0.030337,0.028875
0.012125,0.002219
-0.00297,0.001623
0.007101,0.005236
0.0315,0.039315
0.024483,0.038311
-0.003449,-0.011367
0.035256,0.023051
0.015186,0.006044
0.058109,0.051767
0.003022,-0.000609
0.017907,0.014409
0.034614,0.01281
0.013913,0.004976
0.086992,0.063474
0.005571,0.005726
0.034334,0.050494
0.016265,0.006049
0.019021,0.023637
0.016828,0.030385
0.056309,0.052738
0.002294,0.017029
-0.004427,-0.004315
0.005035,-0.000757
0.042884,0.02357
0.009785,0.018863
0.009312,0.00481
-0.026778,-0.048631
0.075298,0.082101
-0.004534,-6.7e-05
-0.001349,-0.003765
0.002756,0.000831
0.003712,-0.00374
-0.001221,0.001737
0.026666,0.030233
0.001487,-0.000991
0.032457,0.025417
-0.020366,-0.017858
0.020253,0.015131
0.016567,0.006308
0.005945,-0.005726
0.004133,-0.000936
0.017333,0.010361
0.066154,0.0317
0.004078,0.007925
0.006744,-0.001997
-0.102134,-0.015474
0.019522,0.010589
0.171922,0.124842
-0.007911,-0.010655
-0.004461,0.004182
0.006045,-0.001149
0.007198,0.008578
0.022305,0.01991
0.0187,0.016774
0.031203,0.025361
0.00185,0.001589
0.006345,-0.003247
-0.0001,0.002818
0.021844,0.005381
0.003496,0.007595
0.04545,0.029081
0.008828,0.007476
0.000115,0.002701
0.014836,0.01878
0.018286,0.016
,
0.0,0.0
0.0,0.0
0.034957,0.037374
0.000164,-0.002431
0.022979,0.016498
0.007275,0.005428
4.9e-05,-5.6e-05
0.069646,0.027257
0.007398,0.008992
0.016191,0.0148
0.002306,0.000211
0.013205,0.008139
0.003656,0.001154
0.046097,0.048019
0.005023,0.003918
0.014144,0.017236
0.090307,0.104192
0.001537,0.002235
0.019261,0.020742
0.028401,0.017173
-0.003537,-0.005562
0.000772,-5.6e-05
0.009293,0.006196
0.001845,-0.001321
0.026836,0.019364
0.001333,0.001751
0.025301,0.027364
0.007659,0.005892
0.001543,-0.000195
-0.001635,-0.002774
0.002669,0.003125
0.020611,0.023612
-0.015436,-0.018471
-0.006419,5.5e-05
0.058932,0.055416
0.004891,0.000577
0.009496,0.010797
-0.043819,-0.054314
0.003437,0.006846
0.001237,0.000618
0.025893,0.018369
0.004087,0.006043
0.004019,0.003338
0.016603,0.015835
0.010613,0.012502
0.017069,0.014514
-0.014365,-0.021289
-0.002381,0.000135
0.001026,0.001553
0.01188,0.00588
0.003765,0.003792
0.005618,0.004054
0.013494,0.009601
0.027822,0.020891
-0.004152,-0.002801
-0.005273,-0.002297
0.001781,-0.001212
0.001947,-0.000918
0.162583,0.164168
0.006098,0.004747
-0.001409,-0.0071
-0.001839,-0.000803
0.001028,0.000155
-0.001178,-0.001989
0.001213,-0.001295
-0.000316,-0.003451
-0.001686,-0.004389
-0.002835,-0.00129
0.002642,-0.002219
0.000229,-0.005942
0.003011,0.00192
0.002356,0.003631
0.03573,0.03461
0.113871,0.099687
0.074788,0.076687
0.030893,0.032802
,
0.0,0.0
0.0,0.0
0.0331,0.034342
0.005132,-0.001919
0.00562,0.004935
0.004587,0.002153
0.030642,0.032947
0.017467,0.006101
0.01403,0.008053
0.014694,0.011492
0.005634,-0.001432
0.010402,0.009383
0.000835,0.001621
0.026982,0.02499
-0.001726,0.005288
0.004793,0.004573
0.101302,0.106544
0.004548,0.003411
0.015418,0.014343
0.034013,0.041338
-0.008627,-0.00468
0.000341,0.001289
0.015609,0.0059
0.004121,-0.00144
0.031753,0.036805
-0.000819,0.001989
0.029027,0.017225
0.008354,0.003896
0.002343,-0.002379
0.033009,0.028363
0.001593,-0.006132
0.000653,0.001303
0.005638,0.013967
-0.000929,0.003378
0.029493,0.03524
0.016668,0.018545
0.018684,0.016468
0.057151,0.024407
0.008788,-0.003387
0.020263,0.018107
0.000579,-0.007869
0.003153,0.005768
0.020613,0.021662
0.026046,0.024028
0.012893,0.010161
0.018984,0.021688
-0.031461,-0.032369
-0.00175,-0.001337
0.003266,0.000304
0.00645,0.006366
0.003974,0.000298
0.003335,0.006417
0.010869,0.008868
0.027763,0.030532
-0.00785,-0.002947
-0.003075,-0.003021
0.002486,0.009088
0.008377,0.009841
0.088324,0.077023
-0.000346,0.0084
0.002424,-0.00071
-0.001833,0.000368
-0.001323,0.002221
-0.000971,-0.001632
0.003454,-0.001921
-0.002142,-0.002187
0.001995,0.00132
0.049638,0.040677
0.000113,0.004789
0.024148,0.017617
0.011966,-0.002852
0.007326,0.001128
0.033781,0.041863
0.062637,0.043592
0.052754,0.048647
0.023581,0.019989
,
0.0,0.0
0.0,0.0
0.028305,0.026919
0.001545,0.003064
0.044141,0.037981
0.006199,0.007514
0.026961,0.024297
0.078348,0.082662
0.009947,0.007543
0.01384,0.014058
0.003788,0.002069
0.013397,0.013061
0.002202,0.001454
0.024195,0.02309
0.004865,0.004488
0.022337,0.020841
-0.000292,-0.00146
-0.001146,0.001082
0.020672,0.019647
0.0235,0.023053
-0.001622,-0.00386
0.001044,0.001158
0.012647,0.009553
0.003227,0.000219
0.037807,0.029861
0.002396,0.000851
0.045899,0.047247
0.004241,0.004894
0.000452,0.000604
0.001073,0.003029
0.008322,0.005563
0.018736,0.016493
-0.006345,-0.004134
-0.001142,0.000431
0.048137,0.039527
-0.032153,-0.025543
0.013961,0.011887
-0.04657,-0.030851
0.004406,0.001988
-0.000767,0.000159
0.000285,0.00049
0.004569,0.004174
0.029519,0.026693
0.003307,0.00459
0.009939,0.012501
0.014766,0.014007
-0.024369,-0.026664
0.002147,-0.003173
0.002366,0.003509
0.006224,0.00458
0.006196,0.003788
0.005557,0.003081
0.015758,0.011914
0.0278,0.022302
-0.004226,-0.004705
0.000167,-0.002924
0.003863,0.002904
-0.001525,-0.002066
0.304048,0.30609
0.006629,0.005721
0.000202,-0.001925
0.000369,0.000669
0.000224,0.000689
-0.001375,-0.003561
0.00256,-0.000712
-0.002253,-0.004806
-0.000483,-0.00204
0.000135,-0.001869
0.002209,0.000453
0.037621,0.019967
0.002924,0.000827
0.003292,0.001644
0.050492,0.046366
0.040968,0.02746
0.05931,0.056218
0.025532,0.029554
,
0.0,0.0
0.0,0.0
0.0,0.007692
0.010638,0.015038
-0.059028,-0.012255
0.010526,0.014286
0.010204,0.0
0.010417,0.006711
0.024545,0.026225
-0.003571,-0.049325
0.009434,0.030675
0.144022,0.060244
0.0,0.029586
0.0,0.0
0.02459,0.011905
0.007937,0.029586
0.015267,-0.003001
-0.002687,0.000186
0.02963,-0.005709
0.032895,0.014634
0.019355,0.025
0.0,0.015228
0.034632,0.061856
0.024242,0.057143
0.011696,0.009434
0.028409,0.041096
0.017143,0.018692
0.017341,0.004608
0.005682,0.009132
0.022222,0.008734
0.0,0.001149
-0.013706,0.014354
0.004406,0.028571
0.019231,-0.010382
-0.001735,-0.005785
0.061404,0.03675
0.029536,0.007663
-0.026221,-0.010062
0.079167,0.059259
-0.002477,0.011583
-0.006981,-0.011019
0.0,-0.009657
0.0,0.007194
0.062727,0.048687
-0.006318,0.002747
0.025,0.003759
0.037376,0.018027
-0.001044,0.009524
0.047619,0.045312
0.038462,0.020014
0.007722,-0.004215
0.007905,0.007299
0.064559,0.02794
0.035019,0.058182
0.044177,0.04991
0.046025,0.030534
0.034027,0.023834
-0.003152,0.018116
0.022544,0.024184
0.068376,0.058182
-0.002154,0.010753
0.00813,0.007117
-0.010333,0.001888
-0.015285,-0.005202
0.016393,0.013736
0.001111,0.006483
0.030405,0.021978
0.003984,0.0
0.008,0.01444
0.010399,0.00579
0.019263,0.022025
-0.007738,0.010949
-0.007924,0.02381
-0.011419,0.019608
0.0,-0.000937
0.803493,0.708273
0.0131,0.004082
-0.021001,-0.003922
0.0,0.003802
-0.001159,0.000241
-0.006487,0.012605
0.011604,0.025475
-0.007041,0.003527
0.038462,0.023529
-0.012046,0.003906
-0.012064,0.012295
-0.018759,0.012295
-0.016129,-0.007793
-0.018413,-0.008196
0.00495,0.009864
-0.009895,0.019139
-0.004703,0.074026
0.053398,0.053279
0.002386,0.012397
,
0.0,0.0
0.0,0.0
0.002913,-0.000255
0.033321,0.044346
-0.002454,0.008104
0.03003,0.036313
0.000669,0.003157
0.116283,-0.051603
0.028982,0.02337
0.013566,0.014679
0.00926,0.006482
-0.002309,0.018695
0.004562,0.019917
0.021545,0.023988
0.013709,0.035383
0.037813,0.040007
0.021941,0.014625
0.044805,0.058699
0.048013,0.05507
0.011836,-0.005497
0.011215,0.014583
0.014764,0.032955
0.12288,0.133485
0.011471,0.015435
0.015252,0.000624
0.024025,0.018863
0.232442,0.266848
0.000653,0.003989
-0.000911,0.000683
0.017677,-0.006052
0.037055,0.033876
0.000888,-0.032034
0.011091,0.003796
-0.006591,0.000746
0.066258,0.06821
0.011191,0.008974
0.010907,0.011238
-0.02233,-0.002352
0.014903,0.010767
0.004778,0.004071
-0.000914,-0.004731
0.002937,-0.001103
0.020488,0.032727
0.034042,0.032237
0.016098,0.034886
0.042201,0.037937
-0.00427,-0.001227
0.004098,0.00168
0.027174,0.032594
0.013343,0.00338
0.026377,0.014503
0.021762,0.028829
0.065107,0.085359
0.043165,0.045122
0.05637,0.03969
-0.005998,0.000434
0.002837,-0.000721
0.003224,0.010194
-0.002304,0.008413
0.001706,0.012309
0.009321,0.013964
0.00754,0.008244
0.031842,0.009232
-0.00153,-0.002508
0.00258,0.009449
0.014698,0.008953
0.075091,0.064761
-0.006788,-0.000985
-0.000252,0.002326
0.018907,0.032061
0.022563,0.022136
0.476872,0.447977
-0.006084,0.005419
-0.013093,-0.001501
0.006601,-0.000792
0.008726,-0.003756
-0.005475,0.0
0.011162,-0.001901
0.002142,0.000301
0.001852,-0.002978
9.3e-05,-0.001053
0.001628,0.004001
0.00586,0.001518
0.002523,0.002306
-0.010462,-0.011644
-0.007625,0.019408
0.060028,0.066862
0.036794,0.037722
0.036606,0.031233
,
0.0,0.0
0.0,0.0
0.006268,0.004847
0.01942,0.017331
0.001513,0.006881
0.021597,0.022295
0.026634,0.030395
0.096409,-0.013333
0.013494,0.009033
0.045622,0.050999
0.000566,0.003334
0.009802,0.000455
0.00952,0.006345
0.024306,0.019255
0.015399,0.018429
0.041369,0.040313
0.028931,0.021218
0.027168,0.019837
0.051518,0.061281
-0.007413,-0.000588
0.019349,0.012588
0.02144,0.01476
0.114975,0.111104
0.006414,0.005112
0.033309,0.020113
0.009862,0.011121
0.024418,0.014492
0.003355,0.001462
0.000705,0.000789
0.012677,0.015614
0.003058,-6.8e-05
-0.006352,-0.008287
0.698932,0.672214
-0.001796,0.001282
0.007498,0.008788
0.040319,0.033202
0.001724,0.002117
-0.015862,-0.001239
0.022335,0.01898
0.024293,0.01795
0.017349,0.021047
0.033093,0.03091
0.005743,0.00575
0.062847,0.055393
0.000832,0.000348
0.001623,0.002751
-0.000939,-0.000238
0.039163,0.031231
0.003191,-0.00136
0.015117,0.015056
0.044588,0.041326
-0.001728,-0.002565
0.013787,0.007095
0.041688,0.042727
0.019974,0.019755
0.048007,0.038532
0.059535,0.051052
0.012263,0.006844
0.003691,0.002141
-0.001607,-0.000248
0.021773,0.019635
0.004973,-0.000123
0.006367,0.006892
4.3e-05,-0.003493
0.008934,0.008068
0.00434,0.001672
0.010005,0.004719
0.008242,0.00506
0.008567,0.004156
0.023605,0.023935
-0.002946,-0.012669
-0.00359,-0.000886
0.009366,0.009981
-0.000583,-0.002809
0.604809,0.58511
-0.001759,-0.003887
-0.003743,-0.003447
-0.003208,-0.003084
-0.000107,0.001632
0.000422,-0.002277
0.000312,-0.000214
0.019749,0.014394
0.000758,0.001079
0.000404,-9.1e-05
0.000369,0.001172
0.00269,0.00147
0.002343,0.001376
0.007843,0.005536
0.01807,0.004697
0.050012,0.041622
0.027332,0.025225
0.043007,0.044979
,
0.0,0.0
0.0,0.0
0.001689,0.002063
0.023114,0.02017
0.009613,0.007578
0.022632,0.008702
0.019845,0.014211
0.136971,0.098699
0.02006,0.01481
0.00124,-0.002424
0.000636,0.002654
0.005946,0.006984
0.013379,0.016361
0.022641,0.022726
0.033627,0.031856
-0.000866,0.003685
0.011111,0.016138
0.019702,0.0116
0.031994,0.032197
-0.002471,-0.000128
0.016334,0.016339
0.012629,0.018298
0.12448,0.132535
0.00737,0.00215
0.022409,0.019369
0.029451,0.029904
0.021743,0.015862
0.002969,-0.000563
0.00469,0.006501
0.002391,0.004847
0.043459,0.035976
-0.001018,-0.00403
0.01034,0.009553
0.008019,0.000318
0.058515,0.051133
0.020161,0.026131
0.046232,0.050873
0.067926,0.072685
0.051478,0.070515
0.040038,0.037837
-0.00219,-0.001107
0.047104,0.048386
0.000568,0.001165
0.048,0.047904
0.000818,0.001417
0.003679,0.004951
0.002003,-0.000497
0.003693,0.006773
0.005211,0.002751
0.028294,0.025205
0.018789,0.01803
0.075126,0.078933
0.046886,0.049686
0.031547,0.035229
0.004091,0.002075
0.08445,0.077167
0.000381,-0.005907
0.003316,0.004837
0.001923,-0.000335
0.008194,0.004537
0.021451,0.014479
0.005269,0.002341
0.004515,0.004332
0.006491,0.009938
0.040404,0.027639
-0.012604,-0.005182
-0.001082,-0.000559
0.007616,0.005369
-0.001718,-0.001194
0.694879,0.716601
-0.00377,-0.012603
-0.006712,-0.000489
-0.001102,-0.010742
-0.003001,-0.004108
-0.000732,-0.010824
-0.005846,-0.012403
-0.104647,-0.071112
-0.003217,0.000458
0.003509,0.001833
-0.000365,-0.006857
0.008318,0.008351
0.022424,-0.019716
0.027615,0.013299
0.052053,0.026852
0.011112,0.006967
0.018943,0.023578
0.043127,0.043956
,
0.0,0.0
0.0,0.0
0.005101,0.00419
0.007244,0.004275
0.077132,0.08448
0.008332,-0.00523
0.014063,0.012175
0.117372,0.02797
0.004911,0.010187
0.039066,0.041178
0.008002,0.002836
0.006737,0.007049
0.016407,0.007992
0.018758,0.020512
0.028999,0.018899
0.041819,0.029714
0.009341,0.011101
0.012704,0.008551
-0.015001,-0.011986
-0.001052,-0.000148
0.021686,0.014177
0.01745,0.011257
0.099878,0.083525
0.002979,0.001617
0.024753,0.025438
-0.001301,0.001246
0.066952,0.078999
-0.001157,-0.000412
-0.004142,-0.000747
0.019874,0.015869
0.0302,0.03294
-0.004659,-0.001455
0.011348,0.019051
-0.002275,-0.007512
0.036137,0.03893
0.012142,0.013529
0.005473,0.004008
-0.006311,-0.00487
0.046236,0.042386
0.000751,0.000469
0.001565,0.001241
-0.002565,-0.001089
0.021524,0.013205
0.024831,0.025249
0.043207,0.038269
0.012007,0.005323
0.040021,0.037145
-0.005578,-0.004147
-0.003047,0.000124
-0.000295,0.000295
0.01637,0.013728
0.035151,0.036283
0.039296,0.036582
0.035496,0.047992
0.020658,0.020146
0.018266,0.014711
0.037381,0.035692
0.003099,-0.004016
-0.000715,-0.003488
0.001755,0.004601
0.002243,0.003607
0.012422,0.010782
0.011827,0.007937
0.009207,0.010256
0.054786,0.035301
-0.016884,-0.018734
0.00347,-0.001329
0.00324,-0.000563
0.001624,6.7e-05
0.542308,0.532454
0.00351,0.002785
-0.008792,-0.009281
-0.00407,-0.001754
-0.00554,-0.003709
0.000485,0.000749
0.000686,0.000267
0.017321,0.012224
0.006186,0.003379
0.030433,0.018189
0.008728,0.003851
0.002163,0.001526
0.000856,-0.001437
0.005776,-0.001334
-0.003035,-0.004847
0.050992,0.039722
0.03989,0.035781
0.054419,0.047732
,
0.0,0.0
0.0,0.0
0.007772,-0.001212
0.015961,0.013554
0.013493,0.015561
-0.002036,0.002666
0.004029,0.001854
0.041707,0.040856
0.03163,0.026849
0.002735,0.002153
0.001375,0.002793
-0.002593,0.000259
0.000358,0.003276
0.009245,0.007741
0.003621,0.003433
-0.00653,-0.007046
0.000459,-0.001022
0.003399,0.00114
0.009672,0.006711
-0.001255,-0.003409
-0.000992,-0.000653
0.005345,0.001462
0.003405,0.005258
0.024753,0.016252
0.001248,0.00068
0.131452,0.140783
0.005331,0.006633
0.003702,0.001762
0.013898,0.01062
0.002475,0.005049
0.004811,0.003386
-0.000107,-0.000352
-0.000127,0.006951
0.061224,0.052045
0.03934,0.030293
0.004471,-0.000639
-0.005304,-0.003885
0.017791,0.022631
-0.001116,5.9e-05
0.012876,0.014727
0.003582,0.000907
0.019369,0.020959
0.011727,0.006291
0.004416,0.004822
0.01834,0.016234
-0.022095,-0.021061
0.004548,0.00406
-0.000104,0.002257
0.022894,0.021924
4.8e-05,0.002243
0.005066,0.007368
0.000943,0.001719
0.015477,0.019099
-0.013528,-0.01364
-0.000904,-0.000602
0.00362,0.00277
-0.001625,-0.004032
0.551725,0.558226
0.025104,0.023726
-0.003122,-0.005972
-0.002704,-0.003461
0.005239,-0.003807
0.001957,0.002201
-0.001663,0.001735
-0.002317,0.001992
0.001947,0.0027
0.008666,0.005549
0.000326,0.005166
0.001088,0.001708
0.021114,0.01658
0.039182,0.043327
-0.0012,0.001198
0.052058,0.046109
0.049349,0.052873
0.032854,0.034818
,
,
,
,
,
,
,
,
,
,
,
,
,
,
,
,
,
,
,
,
,
,
0.0,
0.0,
1.0,
0.0,
0.0,
0.0,
0.0,
0.0,
,
,
,
0.0,
,
,
,
,
,
,
,
0.0,
0.0,
,
,
,
,
,
,
,
,
,
,
,
,
,
,
,
,
0.0,
,
,
,
,
,
,
,
,
,
,
0.0,
,
0.0,0.0
0.0,0.0
-0.000533,0.005944
0.013647,0.014651
0.006371,0.003446
0.000999,-0.00292
0.000603,0.005152
0.001792,-0.002957
0.048189,0.052426
0.005196,0.005477
0.000169,0.000482
5.4e-05,-0.000316
0.001001,0.001
0.013085,0.012948
0.002128,-0.002048
-0.008516,-0.015584
0.000539,0.001677
-0.001068,-0.001052
0.004679,0.005652
-0.003256,0.001777
0.000976,0.000883
0.00087,-9.2e-05
0.004161,0.006398
0.036035,0.028313
0.004362,0.001987
0.011319,0.004254
0.001986,0.004184
0.001586,0.004319
0.001497,0.003627
-0.000481,0.003779
0.005143,0.00361
0.006068,0.001033
0.003057,0.001356
0.024871,0.022268
0.025556,0.025559
0.004161,0.000924
-0.014367,-0.019468
-0.000143,0.00222
0.005246,0.003021
0.006114,0.006739
0.029461,0.027898
0.001444,0.005042
0.019835,0.016932
0.00189,0.002264
0.007899,0.004563
-0.012472,-0.019607
0.000449,0.00131
0.005839,0.001133
0.017402,0.00871
0.005493,0.007736
0.003171,0.001443
0.002938,0.004651
0.019427,0.010509
-0.003581,0.000691
-0.003307,0.003209
0.003605,-0.001062
-0.000555,-0.000672
0.556524,0.46393
0.003662,0.001026
-0.001745,-0.002962
0.000171,-0.002866
-0.000913,-0.001941
0.004978,0.004316
-0.001071,-0.0013
0.003139,0.002748
0.001475,0.001274
0.00054,-0.000468
0.003092,-0.00099
0.004138,0.002049
0.009054,0.00268
0.036755,0.031829
-0.000755,0.001526
0.03865,0.035643
0.043892,0.034381
0.042093,0.033013
,
0.0,0.0
0.0,0.0
-7.5e-05,-0.000258
0.010828,0.009687
0.01112,0.003621
0.000335,-0.00055
0.007992,0.003181
0.068827,0.041623
0.000644,-0.001419
0.013205,0.007558
0.002938,0.004887
0.002959,0.001588
0.000705,0.000197
0.009236,0.006356
0.001706,-3e-06
-0.004954,-0.006651
-0.000245,-0.000262
0.001765,0.003327
0.011523,0.009306
-0.003147,-0.001637
0.001894,0.000598
0.005402,0.003955
0.006696,0.005598
0.005775,0.005513
0.00012,0.00113
0.009045,0.002467
0.001787,0.001641
0.003225,0.003621
-0.000521,0.00182
0.000696,0.001645
0.001966,0.001533
-0.000874,0.000614
0.00421,0.005256
0.025251,0.026174
0.017183,0.024157
0.001366,-0.000539
-0.004152,-0.018304
0.00041,0.000829
0.00411,0.002343
0.005702,0.008537
0.023024,0.017757
0.004876,0.004516
0.021188,0.015322
0.00209,0.003955
0.014392,0.005575
-0.004537,-0.012457
0.001781,0.001936
-0.00018,0.005088
0.00066,0.002015
0.001885,-0.000953
0.00199,0.002567
0.006518,0.004286
0.022093,0.012562
-0.009503,-0.012095
0.001573,0.001859
-0.001909,-0.002212
-0.00022,-0.002147
0.581813,0.48284
0.031374,0.02359
-0.00241,-0.008869
-0.003996,-0.001267
-0.001282,-0.001544
0.001443,0.001642
0.004504,0.003943
0.040055,0.025708
-0.002795,-0.002674
-0.000388,0.000858
0.003787,-0.000447
0.003841,0.00123
0.01163,0.003423
0.042881,0.03139
0.001528,0.000165
0.070776,0.045507
0.055495,0.054286
0.052056,0.041597
,
0.0,0.0
0.0,0.0
0.000781,0.00311
0.015653,0.015291
0.006582,0.005581
0.000576,0.002874
-0.001858,0.000717
0.036787,0.060786
0.064261,0.061072
0.005565,-0.002367
-0.000892,0.000289
-0.000564,0.002193
0.00132,0.000526
0.018378,0.021009
0.007135,0.006925
-0.000375,-0.005761
0.005358,0.004868
0.02151,0.016009
0.022798,0.022873
0.000323,-0.002378
0.000396,0.001538
0.003642,0.001683
0.006018,0.002236
0.015496,0.015092
-0.000412,-0.000735
0.087263,0.076538
0.003646,0.003305
-0.001796,0.000842
0.001384,-0.001721
0.011712,0.011476
0.001842,-0.001698
0.037452,0.034595
-0.005005,-0.008725
0.018134,0.01788
0.021285,0.021511
-0.000844,-0.000528
-0.008028,-0.002682
0.036669,0.034327
-0.001038,0.000187
0.000482,0.002372
0.004679,0.004689
0.023813,0.020725
0.004653,0.001708
0.006,0.003644
0.024238,0.015279
-0.016448,-0.021684
0.002931,0.001704
0.002414,-0.001508
0.008481,0.007727
0.004619,0.001858
0.002331,0.002019
0.005501,0.00437
0.014262,0.016424
-0.01139,-0.012544
0.00316,0.001558
-0.00056,-0.007894
-0.003179,-0.002539
0.635256,0.565904
-0.004772,-0.005729
-0.004562,-0.006894
-0.007786,-0.007138
0.003451,-3.2e-05
0.002652,0.003481
0.043214,0.035328
0.001529,-0.000436
0.004017,0.005681
0.023498,0.016874
0.00339,0.00648
0.001975,-0.000106
0.024894,0.017791
0.055072,0.038577
-0.000534,0.00398
0.027917,0.022134
0.046042,0.036707
0.049187,0.043538
,
0.0,0.0
0.0,0.0
0.00767,0.014248
0.028939,0.029829
0.070998,0.071652
0.000276,0.00329
0.022686,0.020393
0.05066,0.002072
0.011413,0.009427
0.038713,0.036179
-0.004628,-0.001962
0.002303,0.001726
0.003199,0.007747
0.001768,0.000829
-0.00048,0.000803
-0.003445,-0.002052
0.000539,0.000423
0.000499,0.001844
0.02189,0.016277
-0.002694,-0.002861
0.002027,0.001492
0.009976,0.008732
0.009317,0.007354
0.03945,0.034058
0.000508,0.000403
0.094187,0.09369
-0.000938,0.001922
-0.00012,-0.001885
0.01078,0.010777
0.022086,0.01661
-0.002522,-0.001834
-0.002501,0.00244
-0.005758,-0.002351
0.039569,0.037439
0.022783,0.021875
0.021038,0.022434
-0.008114,-0.00473
0.039339,0.041658
0.006016,0.003062
-0.00182,0.001446
0.000654,0.000856
0.011391,0.014808
0.00931,0.010229
0.013962,0.012463
-0.000396,0.002779
-0.04565,-0.015512
0.000197,0.000389
9.5e-05,0.001185
0.013057,0.012707
0.005666,0.004042
0.007616,0.00504
0.011677,0.010939
0.033844,0.020159
-0.002492,-0.00231
0.0014,0.003555
0.006947,0.007885
0.000576,-5.9e-05
0.556707,0.509633
0.005506,-0.000742
-0.003038,-0.00369
-0.001897,-0.001545
-0.001267,-0.003213
0.001779,-0.001418
-0.002221,-0.001058
0.001636,0.001383
0.002621,0.001434
0.018921,0.015663
-0.000212,0.000127
0.000991,0.000755
0.002233,-0.000155
0.003516,0.000715
0.005527,0.001941
0.033068,0.02589
0.020057,0.021475
0.008859,0.008268
,
0.0,0.0
0.0,0.0
0.010135,-0.002747
0.012598,0.001381
0.026502,0.007452
0.009335,0.017777
0.012906,0.014194
0.079766,-0.179766
0.025272,-0.068923
0.002298,0.000558
0.006838,0.004155
0.012454,0.010373
0.014977,0.015417
0.02415,0.029804
0.022206,0.014487
0.022578,0.030189
0.016683,0.004097
0.021177,0.018829
0.051952,0.061989
0.006351,0.007038
0.024195,0.029481
0.007099,0.009964
0.106828,0.110915
0.006855,0.006705
0.017001,0.014915
0.02455,0.036843
0.13031,0.136829
0.013574,0.010321
0.001668,0.002094
0.00414,0.004875
0.034349,0.039498
0.003008,0.009781
0.016243,0.013482
0.002026,0.004074
-0.001692,-0.003371
0.001119,0.0005
0.014116,0.016669
4.5e-05,-0.014969
0.060281,0.05107
-0.003968,-0.000591
0.000554,-0.002761
0.001701,-0.00379
0.014795,0.01685
8.2e-05,-0.005054
0.003095,0.004176
0.007372,0.009214
0.003821,-0.001513
0.010408,0.008498
0.045742,0.049026
0.026826,0.022077
0.032195,0.034308
0.028027,0.025224
0.016794,0.016932
0.010757,0.009011
-0.00399,8.1e-05
0.001789,-0.002882
0.012707,0.006938
0.011606,0.008363
0.009148,0.006284
0.003255,0.003729
0.002076,0.005079
0.032633,0.019997
-0.024657,-0.010936
-0.005667,0.003297
0.000112,0.005968
0.003309,0.000119
0.593445,0.55891
0.004753,0.007209
-0.008577,-0.003381
-0.006005,-0.005171
-0.005732,-0.000226
0.00028,0.002424
0.000785,-0.002867
-0.004121,-0.002559
-0.002717,-0.002376
0.002651,0.003373
0.001152,0.003368
0.001962,0.002183
0.002378,0.002845
0.005455,0.001719
0.008509,-0.017687
0.028384,0.027609
0.042954,0.03834
0.021212,0.022254
,
0.0,0.0
0.0,0.0
-0.002659,0.000347
0.004069,0.007316
0.018138,0.011043
0.010537,0.011433
5.7e-05,0.017499
0.089305,-0.22145
0.060436,-0.077875
0.003225,0.006017
0.003731,0.007855
0.010218,0.009425
0.011696,0.012997
0.021237,0.026058
0.017182,0.022917
0.048236,0.043131
0.019979,0.015211
0.011096,0.016312
0.053636,0.060321
0.007347,0.004095
0.032406,0.033206
0.008004,0.005523
0.121958,0.109503
0.015984,0.010385
0.016008,0.011861
0.039754,0.035688
0.133104,0.148358
0.013061,0.013381
-0.000646,0.001454
0.003225,0.004519
0.037677,0.03924
0.004338,0.007523
0.01126,0.010854
0.005553,-0.002508
0.002177,0.008733
-0.003548,0.004616
0.011884,0.009906
0.006743,-0.005674
0.057186,0.054353
0.002749,0.000167
0.002518,0.000663
-0.002459,3.6e-05
0.014069,0.020833
0.006312,-0.005291
0.001732,0.003525
0.002047,0.010863
-0.002194,-0.003408
0.011752,0.007047
0.034417,0.038585
0.000884,-0.003158
0.02078,0.021217
0.020305,0.014522
0.004357,0.01281
0.003338,0.00098
-0.009054,-0.003741
0.00534,0.003791
0.018158,0.010644
0.016874,0.017613
0.002653,0.007886
0.003173,0.003319
0.00343,0.003314
0.026135,0.015962
-0.019003,-0.011843
-0.005198,0.000251
-0.003192,0.002833
0.000406,0.00639
0.573506,0.542796
0.007671,0.004738
-0.002975,-0.003627
-0.00322,-0.002075
-0.008497,0.000173
-0.006039,-0.001334
-0.009398,-0.002374
-0.001454,0.007904
-0.003695,-0.004355
0.00341,-0.002634
0.004365,-0.001314
-0.001356,0.001642
0.00831,-0.000269
0.000193,-0.001726
-0.001061,-0.003142
0.029197,0.01296
0.036632,0.033341
0.041781,0.034476
,
0.0,0.0
0.0,0.0
0.031904,0.056292
0.004311,0.013782
0.014057,0.008541
-0.001503,0.00493
0.028842,0.038369
0.006164,5.4e-05
0.031807,0.051899
-0.003874,0.004434
-0.001591,0.009414
-0.002927,0.01279
0.004132,0.005277
0.013921,0.010694
-0.001966,0.00284
-0.003884,-0.015484
0.00678,-0.002744
0.004946,0.001256
0.007647,0.002083
-0.005096,-0.010247
-0.003141,0.000465
-0.004309,0.001316
0.001892,-0.0017
0.005321,0.008403
0.019038,0.021891
0.003242,-0.000359
0.012014,0.029792
0.004647,0.00222
-0.000116,0.001727
0.003434,0.000989
-0.001728,-0.003091
0.003404,0.007285
0.016763,0.001798
0.003218,0.009584
0.037044,0.030367
0.060411,0.038747
0.06152,0.069402
0.036744,0.040449
-0.002056,-0.010338
0.015384,0.019652
0.023405,0.036788
-0.000278,0.015526
0.002817,-0.007595
0.001228,0.019815
0.010264,0.012811
0.009492,0.004502
0.030035,0.00543
-0.010546,0.002035
0.002261,0.002318
-0.000882,0.004337
-0.000484,0.00389
-0.003427,0.004212
0.012528,0.015181
0.011169,0.008291
-0.015708,-0.003046
0.001298,-0.004327
0.007183,-0.004518
-0.004381,-0.001425
0.571201,0.501861
0.003371,0.00561
5.2e-05,0.001332
0.002535,-0.005504
0.00226,-0.001069
0.011145,0.000633
0.000474,-0.002392
0.003786,-0.003807
0.010973,-0.001352
0.006643,0.008392
0.010939,0.013162
8.6e-05,-0.002671
-0.002862,0.000225
0.06634,0.057699
-0.00365,-0.002052
0.006428,0.006605
0.028187,0.036139
0.018807,0.006314
,
0.0,0.0
0.0,0.0
0.029059,0.022373
-0.011224,-0.008895
0.002922,-0.002272
0.008836,0.006273
0.001147,0.003288
0.020211,0.006274
0.046614,0.057047
-0.00128,0.011462
0.001331,-0.000275
0.008423,0.003408
-0.000151,0.001357
0.021471,0.012211
-0.00085,0.00502
-0.004576,-0.017372
-0.00203,0.001341
0.006173,0.004792
0.00921,0.009282
-0.02071,-0.016001
0.001881,-0.000194
-0.002287,-0.002681
0.001067,0.001798
0.010793,0.00652
0.020661,0.019034
-0.002235,0.001055
0.013743,0.022486
-0.003438,-0.000395
0.001492,0.001109
-0.006149,0.002105
-0.000802,0.000901
0.003451,0.006059
0.00243,-0.000629
0.005079,0.00627
0.033027,0.032626
0.06905,0.051425
0.061696,0.067262
0.034119,0.03993
0.019214,0.001883
0.010488,0.013229
0.035524,0.032304
-0.000585,-0.001972
0.005518,0.005857
0.007286,0.020027
0.009574,0.006522
0.00526,0.002026
-0.012461,-0.040531
-0.012261,0.013423
0.00256,0.002856
0.026696,0.011261
0.00305,0.00516
-0.005992,0.003804
0.001288,0.011676
0.031785,0.020893
-0.008854,-0.000676
-0.002589,0.002457
0.011437,0.002873
0.000336,-0.001238
0.552383,0.49111
0.008464,0.005746
-0.014074,-0.00295
-0.00221,5.7e-05
0.003227,2.5e-05
0.009352,0.007009
0.004729,0.002117
-0.006958,-0.008683
-0.002098,0.006066
0.015902,0.016339
0.009836,0.008046
0.002682,-0.002965
0.009733,0.005409
0.070187,0.047324
0.001612,0.002922
0.054906,0.029841
0.077421,0.046141
0.05155,0.061974
,
0.0,0.0
0.0,0.0
0.040426,0.038924
0.005288,0.00279
0.021654,0.018914
0.005852,0.004897
-0.000582,0.000484
0.06396,0.073142
0.068302,0.065091
0.007257,0.003871
0.002724,0.003355
0.000756,0.001925
0.003725,0.002278
0.017781,0.01434
0.007802,0.006384
0.033077,0.03521
-0.003083,-0.005279
0.017098,0.014947
0.015394,0.011203
0.046603,0.053102
0.008412,0.005818
0.00471,0.003363
0.010792,0.007505
0.028856,0.022136
0.00215,0.000904
0.031237,0.029774
-0.000832,-0.000899
0.000765,0.0001
-0.000975,9.9e-05
0.000825,0.000221
-0.000866,-0.000812
0.011789,0.009694
-0.002453,0.001362
0.005536,0.003581
0.0051,0.004032
0.035371,0.031723
0.004636,0.004555
0.030865,0.031144
0.012892,0.009515
0.031385,0.027681
0.008475,0.008343
0.014872,0.012375
0.018802,0.01638
0.010506,0.007204
0.009319,0.006564
-0.018349,-0.035601
0.000832,0.001523
0.003118,0.002617
0.035857,0.035225
0.005571,0.004394
0.003577,0.000646
0.009492,0.005957
0.021104,0.015648
-0.000522,-0.002869
0.001734,-0.000326
0.007864,0.004987
-0.000208,-0.001575
0.380754,0.3788
-0.000134,8.7e-05
0.002597,0.002453
-0.001007,-0.00127
7.4e-05,7.8e-05
0.017487,0.013737
-0.001217,-0.005889
0.000405,7.3e-05
0.005374,0.004092
0.001767,0.000654
0.000922,0.000999
0.004077,-0.000657
0.001713,-0.004579
0.002197,0.002356
0.00449,0.000924
0.033963,0.02741
0.042848,0.040351
0.040005,0.036156
,
0.0,0.0
0.0,0.0
0.001603,0.004846
0.023163,0.018036
0.018337,0.010332
0.02849,0.031475
0.049454,0.042398
0.046536,-0.00128
0.007504,0.006584
0.009359,0.006347
0.015408,0.010441
0.006144,0.005181
0.002184,-0.001877
0.041172,0.042989
0.00494,0.002147
0.018172,0.019607
0.136913,0.148512
0.007947,0.003747
0.02114,0.022967
0.044541,0.045569
0.002266,-0.003552
0.001434,0.000659
0.01349,0.008542
0.002639,-0.002495
0.000874,0.000679
0.005519,2.4e-05
0.016416,0.016576
0.004151,-0.003379
0.004181,-0.003346
0.010266,0.003964
0.010668,0.014615
0.017834,0.010327
0.00912,0.003776
-0.000786,-0.006833
0.084281,0.080507
0.024398,0.022231
0.007759,0.007048
0.035696,0.035543
0.100956,0.09691
-0.00243,-0.005998
0.001237,-9e-05
-0.001347,-0.003091
0.028399,0.02241
0.004206,0.00528
0.001951,0.003949
0.008371,0.004627
-0.001614,0.002258
0.000828,-0.001522
-0.000188,0.002411
0.034118,0.032224
0.001712,0.001616
0.002193,-0.001045
0.014834,0.016278
0.017091,0.013156
-0.007033,-0.005844
0.00012,-0.000791
0.005351,0.003848
0.015418,0.016162
0.084539,0.085752
0.00413,0.001221
-0.000773,0.001375
0.00239,-0.001126
0.002964,0.001557
0.006286,0.006024
0.008718,0.006337
0.005503,-0.000808
0.000896,0.002049
0.000826,-0.001452
-0.000829,0.001547
0.002133,0.004281
0.051058,0.039469
0.000886,0.000844
0.010903,0.008564
0.006338,0.00558
0.060361,0.05452
0.041765,0.04809
,
0.0,0.0
0.0,0.0
0.003191,0.006174
0.021626,0.014338
0.017371,0.005861
0.029747,0.024041
0.043674,0.035458
0.068174,-0.01824
0.003082,0.004141
0.011318,0.008607
0.011595,0.011652
0.009079,0.007179
0.00485,0.000875
0.02909,0.037158
0.00649,-5.8e-05
0.016813,0.018054
0.120306,0.137924
0.004007,0.004087
0.022206,0.02347
0.051419,0.05413
-0.000227,-0.000325
0.00213,0.003153
0.002038,0.00528
0.003406,0.002543
-0.001394,-0.00258
-0.000425,0.000871
0.021118,0.014851
-0.001146,0.003538
0.00257,0.000587
0.008293,0.007994
0.016081,0.016579
0.011817,0.013262
-0.005963,-0.005242
-0.001034,-0.005769
0.081854,0.07452
0.023696,0.025322
0.008917,0.005601
0.03735,0.038062
0.0979,0.081878
0.003207,-0.001569
-0.000898,-0.000873
6.9e-05,-0.000437
0.029921,0.025474
0.005129,0.004737
0.002205,-0.00037
0.027961,0.021363
-0.000175,-8.7e-05
-0.003305,0.005333
0.000566,0.001156
0.039333,0.032876
-0.004425,0.003108
0.001046,0.001132
0.019586,0.018275
0.017302,0.015361
-0.004642,0.004877
0.00015,0.001038
0.003543,0.001807
0.016469,0.016853
0.096741,0.094501
0.004682,0.001549
-0.000276,0.000688
0.001804,-8.6e-05
-0.001698,0.004287
0.012042,0.005708
0.0106,0.004115
0.003187,0.002364
-0.00115,0.000653
0.001983,0.001915
0.001741,-0.001183
0.001835,0.00225
0.055729,0.047763
0.00098,0.0026
0.016554,0.011538
0.006246,0.006286
0.071014,0.06703
0.040641,0.044712
,
